City_ID,City,Country,Lat,Lng,Max Temp,Humidity,Cloudiness,Wind Speed,Current Description
0,Bluff,NZ,-46.6,168.3333,57.79,79,20,6.62,few clouds
1,Hervey Bay,AU,-25.2986,152.8535,71.02,77,66,5.01,broken clouds
2,New Norfolk,AU,-42.7826,147.0587,54.72,62,100,1.01,overcast clouds
3,Narsaq,GL,60.9167,-46.05,41.61,57,74,6.22,broken clouds
4,Tuktoyaktuk,CA,69.4541,-133.0374,64.4,55,75,10.36,broken clouds
5,Rikitea,PF,-23.1203,-134.9692,73.51,75,0,8.61,clear sky
6,Busselton,AU,-33.65,115.3333,56.86,65,0,9.62,clear sky
7,Lorengau,PG,-2.0226,147.2712,86.02,66,100,11.99,overcast clouds
8,Lagoa,PT,39.05,-27.9833,71.35,80,100,8.43,overcast clouds
9,Barrow,US,71.2906,-156.7887,39.22,93,100,19.57,mist
10,Ushuaia,AR,-54.8,-68.3,42.46,75,75,17.27,light rain
11,Punta Arenas,CL,-53.15,-70.9167,39.31,81,40,18.41,scattered clouds
12,Fairbanks,US,64.8378,-147.7164,67.08,57,100,1.01,overcast clouds
13,Albany,US,42.6001,-73.9662,66.43,76,16,5.66,few clouds
14,Novomikhaylovskiy,RU,44.2581,38.8578,74.59,66,0,5.23,clear sky
15,Mahibadhoo,MV,3.7833,72.9667,80.02,80,100,16.67,overcast clouds
16,Puerto Ayora,EC,-0.7393,-90.3518,69.55,91,74,7.0,broken clouds
17,Hobart,AU,-42.8794,147.3294,55.06,85,75,17.27,broken clouds
18,Qaanaaq,GL,77.484,-69.3632,28.85,71,10,5.44,clear sky
19,Mataura,NZ,-46.1927,168.8643,57.47,62,59,4.43,broken clouds
20,Bardejov,SK,49.2918,21.2727,55.27,65,100,5.44,overcast clouds
21,Hasaki,JP,35.7333,140.8333,88.29,79,5,23.15,clear sky
22,Cidreira,BR,-30.1811,-50.2056,59.74,86,0,17.94,clear sky
23,Abha,SA,18.2164,42.5053,62.42,34,0,0.0,clear sky
24,Saint-Francois,FR,46.4154,3.9054,58.44,94,0,0.0,clear sky
25,Vaini,TO,-21.2,-175.2,71.47,71,1,19.71,light rain
26,Port Alfred,ZA,-33.5906,26.891,55.18,75,0,4.0,clear sky
27,Flinders,AU,-34.5833,150.8552,70.05,72,29,4.0,scattered clouds
28,Cabo San Lucas,MX,22.8909,-109.9124,86.5,73,100,1.92,overcast clouds
29,Hami,CN,42.8,93.45,77.88,22,100,9.82,overcast clouds
30,Port Elizabeth,ZA,-33.918,25.5701,53.31,83,2,4.0,clear sky
31,Victoria,HK,22.2855,114.1577,89.33,77,80,5.99,broken clouds
32,Waipawa,NZ,-41.4122,175.5153,55.94,71,31,14.5,scattered clouds
33,Hermanus,ZA,-34.4187,19.2345,59.81,48,69,3.51,broken clouds
34,Tuatapere,NZ,-46.1333,167.6833,57.47,79,69,2.55,broken clouds
35,Butaritari,KI,3.0707,172.7902,82.26,71,6,18.72,clear sky
36,Aitape,PG,-3.1374,142.3475,82.62,81,73,6.31,broken clouds
37,Matara,LK,5.9485,80.5353,76.44,90,100,12.1,overcast clouds
38,East London,ZA,-33.0153,27.9116,57.09,69,0,19.86,clear sky
39,Adamovka,RU,51.5223,59.9396,72.25,33,81,7.56,broken clouds
40,Pevek,RU,69.7008,170.3133,33.46,82,100,13.71,overcast clouds
41,Shelburne,CA,44.0787,-80.2041,60.12,81,3,13.82,clear sky
42,Jimo,CN,36.3897,120.4622,77.41,63,0,8.25,clear sky
43,Huron,US,41.1501,-82.5499,71.73,79,0,11.16,clear sky
44,Clyde River,CA,70.4692,-68.5914,39.16,74,100,7.52,overcast clouds
45,Beaverlodge,CA,55.2166,-119.4361,78.91,31,56,12.5,broken clouds
46,Avarua,CK,-21.2078,-159.775,78.85,69,15,9.22,few clouds
47,Berlevag,NO,70.8578,29.0864,44.6,76,75,13.8,light rain
48,Ornskoldsvik,SE,63.2909,18.7153,47.35,87,100,8.05,overcast clouds
49,Torbay,CA,47.6666,-52.7314,69.39,93,40,10.36,fog
50,Melilla,ES,35.2937,-2.9383,79.18,61,0,0.0,clear sky
51,Biltine,TD,14.5333,20.9167,71.53,88,100,7.52,overcast clouds
52,Hay River,CA,60.8156,-115.7999,59.18,62,100,5.86,overcast clouds
53,Nome,US,64.5011,-165.4064,51.17,100,100,9.22,mist
54,Castro,BR,-24.7911,-50.0119,47.97,97,3,5.39,clear sky
55,Arraial Do Cabo,BR,-22.9661,-42.0278,66.25,62,0,17.54,clear sky
56,Clonakilty,IE,51.6231,-8.8706,56.41,77,93,10.65,overcast clouds
57,Dikson,RU,73.5069,80.5464,42.13,88,100,13.89,overcast clouds
58,Ruidoso,US,33.3317,-105.673,64.26,87,93,12.66,moderate rain
59,Akureyri,IS,65.6835,-18.0878,51.73,62,100,16.11,overcast clouds
60,Houma,US,29.5958,-90.7195,84.99,84,99,0.0,overcast clouds
61,Celestun,MX,20.8667,-90.4,79.59,85,31,13.38,scattered clouds
62,Chapais,CA,49.7834,-74.8492,46.62,92,100,5.32,overcast clouds
63,Norwich,GB,52.6278,1.2983,63.93,81,75,8.05,broken clouds
64,Katsuura,JP,35.1333,140.3,84.22,77,13,20.33,few clouds
65,Dong Hoi,VN,17.4833,106.6,86.83,63,2,2.42,clear sky
66,Tiarei,PF,-17.5333,-149.3333,82.42,72,12,14.09,few clouds
67,Lere,NG,10.387,8.5726,66.85,98,99,3.49,light rain
68,Suluq,LY,31.6682,20.2521,77.09,73,0,7.2,clear sky
69,Potsdam,DE,52.3989,13.0657,61.11,76,100,6.93,overcast clouds
70,Mookane,BW,-23.688,26.6595,51.58,59,0,9.04,clear sky
71,Luau,AO,-10.7073,22.2247,65.84,33,99,4.65,overcast clouds
72,Lata,PT,40.1629,-8.3327,61.07,96,1,3.15,clear sky
73,Geraldton,AU,-28.7667,114.6,66.61,34,83,19.57,broken clouds
74,Muisne,EC,0.6,-80.0333,74.35,84,100,8.55,overcast clouds
75,Pacific Grove,US,36.6177,-121.9166,74.01,78,18,4.0,few clouds
76,Nizwa,OM,22.9333,57.5333,80.28,50,5,1.77,clear sky
77,Kota Kinabalu,MY,5.9749,116.0724,82.38,78,20,2.3,few clouds
78,Isangel,VU,-19.55,169.2667,76.96,57,83,16.13,broken clouds
79,Naze,JP,28.3667,129.4833,86.92,81,20,17.49,few clouds
80,Beloha,MG,-25.1667,45.05,61.36,60,100,11.32,overcast clouds
81,Georgetown,MY,5.4112,100.3354,84.88,80,40,8.05,scattered clouds
82,Rio Gallegos,AR,-51.6226,-69.2181,42.06,69,100,27.51,overcast clouds
83,Yaan,NG,7.3833,8.5667,71.4,97,100,5.59,overcast clouds
84,Mumford,GH,5.2618,-0.759,73.58,93,99,9.31,light rain
85,Muttupet,IN,10.4,79.4833,77.41,91,100,7.43,very heavy rain
86,Pitimbu,BR,-7.4706,-34.8086,73.87,80,90,14.88,overcast clouds
87,Lima,PE,-12.0432,-77.0282,60.91,81,64,11.5,broken clouds
88,Walvis Bay,NA,-22.9575,14.5053,57.09,98,75,2.62,broken clouds
89,Aklavik,CA,68.2191,-135.0107,65.14,50,100,4.32,overcast clouds
90,Tezu,IN,27.9167,96.1667,75.78,98,100,1.99,overcast clouds
91,Emerald,AU,-23.5333,148.1667,77.41,44,64,12.82,broken clouds
92,Ribeira Grande,PT,38.5167,-28.7,72.77,83,98,9.08,overcast clouds
93,Todos Santos,MX,23.45,-110.2167,81.66,86,100,3.02,overcast clouds
94,Monterey,US,36.2505,-121.2516,92.17,24,0,10.94,clear sky
95,Dandong,CN,40.1292,124.3947,72.1,70,0,12.5,clear sky
96,Ust-Maya,RU,60.4167,134.5333,46.47,97,100,4.38,light rain
97,El Dorado,US,38.7666,-120.5177,88.32,29,0,2.46,clear sky
98,La Ronge,CA,55.1001,-105.2842,67.21,54,87,2.91,overcast clouds
99,Mjolby,SE,58.326,15.1237,51.51,78,61,3.8,broken clouds
100,Assiniboia,CA,49.6334,-105.9845,82.0,22,0,8.03,clear sky
101,Verkhnevilyuysk,RU,63.4453,120.3167,42.73,83,100,4.14,light rain
102,Yellowknife,CA,62.456,-114.3525,56.89,72,100,9.17,overcast clouds
103,Chokurdakh,RU,70.6333,147.9167,51.13,41,75,5.99,broken clouds
104,Kulhudhuffushi,MV,6.6221,73.07,78.37,83,100,18.01,overcast clouds
105,Simbahan,PH,6.3032,120.5836,82.83,71,100,1.43,overcast clouds
106,Norman Wells,CA,65.282,-126.8329,65.17,51,83,3.0,broken clouds
107,Nabire,ID,-3.3667,135.4833,83.03,76,67,4.34,broken clouds
108,Izberbash,RU,42.5696,47.8645,75.25,51,0,4.92,clear sky
109,Zhangye,CN,38.9342,100.4517,72.95,32,87,7.34,overcast clouds
110,Atuona,PF,-9.8,-139.0333,76.28,78,7,21.61,light rain
111,Labytnangi,RU,66.6572,66.4183,41.05,72,8,4.41,clear sky
112,Tiksi,RU,71.6872,128.8694,43.75,86,100,7.49,overcast clouds
113,Riyadh,SA,24.6877,46.7219,85.5,20,100,5.84,overcast clouds
114,Cape Town,ZA,-33.9258,18.4232,66.61,40,40,11.5,light thunderstorm
115,Leningradskiy,RU,69.3833,178.4167,33.28,99,100,12.86,snow
116,Russell,US,32.3502,-85.1999,82.0,94,0,0.0,clear sky
117,Buchanan,LR,5.8808,-10.0467,74.34,93,100,9.31,moderate rain
118,Codrington,AU,-38.2667,141.9667,57.18,72,81,10.71,broken clouds
119,Puerto Escondido,MX,15.85,-97.0667,81.28,85,83,7.56,broken clouds
120,Khorixas,NA,-20.3667,14.9667,61.9,53,65,2.35,broken clouds
121,Nikolskoye,RU,59.7035,30.7861,46.29,96,100,11.77,moderate rain
122,Waingapu,ID,-9.6567,120.2641,85.46,62,37,10.8,scattered clouds
123,Kapaa,US,22.0752,-159.319,83.48,60,30,4.0,scattered clouds
124,Hilo,US,19.7297,-155.09,83.25,89,34,1.01,scattered clouds
125,Alofi,NU,-19.0595,-169.9187,75.38,80,26,14.52,light rain
126,Kyra,RU,49.5776,111.9753,59.45,44,6,4.21,clear sky
127,Kansk,RU,56.2017,95.7175,58.15,94,100,6.51,light rain
128,Mount Gambier,AU,-37.8333,140.7667,53.51,87,100,11.5,light rain
129,Port Hardy,CA,50.6996,-127.4199,64.58,77,20,8.05,few clouds
130,Bubaque,GW,11.2833,-15.8333,79.63,81,100,15.61,light rain
131,Poronaysk,RU,49.2167,143.1167,65.79,77,11,14.54,few clouds
132,Richards Bay,ZA,-28.783,32.0377,57.65,72,96,4.59,overcast clouds
133,Manado,ID,1.487,124.8455,88.57,66,40,2.3,scattered clouds
134,Bredasdorp,ZA,-34.5322,20.0403,55.29,57,100,5.93,light rain
135,Khatanga,RU,71.9667,102.5,36.52,96,100,15.88,overcast clouds
136,Along,IN,28.1667,94.7667,75.0,99,100,0.4,overcast clouds
137,Sungaipenuh,ID,-2.0833,101.3833,73.8,78,100,0.38,overcast clouds
138,Rawson,AR,-43.3002,-65.1023,54.86,45,0,7.87,clear sky
139,Santa Fe,AR,-31.6333,-60.7,69.01,61,44,3.0,scattered clouds
140,Kodiak,US,57.79,-152.4072,56.71,94,100,8.05,light rain
141,Minas,UY,-34.3759,-55.2377,57.79,79,100,10.45,overcast clouds
142,Itaituba,BR,-4.2761,-55.9836,82.76,41,100,1.86,overcast clouds
143,San-Pedro,CI,4.7485,-6.6363,73.18,96,100,9.04,light rain
144,Borovoy,RU,55.4333,86.0833,60.08,94,40,2.24,scattered clouds
145,Trinidad,BO,-14.8333,-64.9,76.57,39,0,3.6,clear sky
146,Jamestown,US,42.097,-79.2353,71.19,62,0,11.5,clear sky
147,Fortuna,US,40.5982,-124.1573,61.93,91,0,12.66,clear sky
148,Souillac,MU,-20.5167,57.5167,62.98,88,20,5.75,few clouds
149,Constitucion,CL,-35.3333,-72.4167,50.95,87,71,8.68,broken clouds
150,Stornoway,GB,58.2093,-6.3865,44.56,100,0,1.14,clear sky
151,Llanes,ES,43.4198,-4.7549,67.53,83,100,2.01,overcast clouds
152,Hithadhoo,MV,-0.6,73.0833,81.23,73,26,17.4,scattered clouds
153,Nanortalik,GL,60.1432,-45.2371,40.42,80,100,9.73,overcast clouds
154,Karimganj,IN,24.8667,92.35,79.39,91,100,1.54,overcast clouds
155,Ancud,CL,-41.8697,-73.8203,46.22,94,84,7.4,broken clouds
156,Inverell,AU,-29.7833,151.1167,73.67,47,12,3.0,few clouds
157,Deputatskiy,RU,69.3,139.9,52.41,56,90,4.68,overcast clouds
158,Mount Isa,AU,-20.7333,139.5,82.17,42,96,12.66,overcast clouds
159,Lebu,CL,-37.6167,-73.65,48.9,92,50,11.63,scattered clouds
160,Kailua,US,21.4022,-157.7394,87.03,67,20,13.8,few clouds
161,Vao,NC,-22.6667,167.4833,70.86,71,61,19.73,broken clouds
162,Sisimiut,GL,66.9395,-53.6735,35.2,78,73,11.9,broken clouds
163,Mantua,IT,45.1667,10.7833,69.35,85,99,1.99,overcast clouds
164,Kiama,AU,-34.6833,150.8667,70.25,70,26,7.0,scattered clouds
165,Asau,RO,46.4333,26.4,61.72,89,93,2.66,light rain
166,Kutum,SD,14.2,24.6667,73.02,74,45,4.56,scattered clouds
167,Birjand,IR,32.8663,59.2211,61.75,25,0,10.27,clear sky
168,Chicaman,GT,15.4,-90.7667,60.55,98,100,1.28,overcast clouds
169,Cedar City,US,37.6775,-113.0619,83.39,16,37,3.0,scattered clouds
170,Hongjiang,CN,27.11,109.9956,80.13,54,70,3.96,broken clouds
171,Caravelas,BR,-17.7125,-39.2481,68.27,69,35,8.84,scattered clouds
172,Coquimbo,CL,-29.9533,-71.3436,53.33,76,100,3.44,overcast clouds
173,Ranir Bazar,IN,23.8333,91.3667,85.91,84,75,6.91,mist
174,Manono,CD,-7.3,27.4167,76.33,55,71,2.95,broken clouds
175,Cherskiy,RU,68.75,161.3,43.68,61,63,5.91,broken clouds
176,Lesnoy,RU,57.6198,63.0784,54.34,94,100,5.23,overcast clouds
177,Darovskoy,RU,58.77,47.9564,55.94,96,95,8.01,overcast clouds
178,Port Lincoln,AU,-34.7333,135.8667,59.4,61,27,8.95,scattered clouds
179,Vila Velha,BR,-20.3297,-40.2925,61.95,90,75,4.61,broken clouds
180,Guerrero Negro,MX,27.9769,-114.0611,73.2,82,7,12.86,clear sky
181,Young,UY,-32.6833,-57.6333,57.45,92,87,7.78,overcast clouds
182,Tucumcari,US,35.1717,-103.725,73.24,68,0,11.5,clear sky
183,Robeasca,RO,45.1667,27.1333,69.94,58,99,12.06,overcast clouds
184,Mahebourg,MU,-20.4081,57.7,62.89,88,20,5.75,few clouds
185,Kavieng,PG,-2.5744,150.7967,85.51,63,73,16.53,broken clouds
186,Thompson,CA,55.7435,-97.8558,47.28,69,15,4.12,few clouds
187,Saint-Pierre,RE,-21.3393,55.4781,67.68,73,100,4.61,overcast clouds
188,Torremolinos,ES,36.6204,-4.4998,79.9,59,0,6.91,clear sky
189,Wanning,CN,18.8003,110.3967,86.14,68,1,0.16,clear sky
190,Portland,US,45.5234,-122.6762,92.77,42,0,4.0,clear sky
191,Jimenez,MX,28.3333,-105.4,68.38,82,100,0.94,overcast clouds
192,Farafangana,MG,-22.8167,47.8333,61.47,61,0,12.53,clear sky
193,Nyurba,RU,63.2842,118.3319,42.71,79,91,3.89,light rain
194,Esperance,AU,-33.8667,121.9,57.65,69,41,6.69,scattered clouds
195,Upernavik,GL,72.7868,-56.1549,39.07,93,100,18.12,light rain
196,Mar Del Plata,AR,-38.0023,-57.5575,55.09,92,100,1.01,overcast clouds
197,Bathsheba,BB,13.2167,-59.5167,79.41,83,20,6.91,few clouds
198,Torit,SS,4.4133,32.5678,66.99,95,100,2.59,light rain
199,Saint-Gaudens,FR,43.0833,0.6667,63.01,91,95,3.49,overcast clouds
200,Sham Churasi,IN,31.4997,75.7494,81.45,79,5,1.52,clear sky
201,Baiyin,CN,36.5583,104.2081,66.67,40,99,7.63,overcast clouds
202,Harper,LR,4.375,-7.7169,74.25,94,100,9.8,moderate rain
203,Tobol,KZ,52.6844,62.5794,69.37,34,88,7.56,overcast clouds
204,Palmas,BR,-10.2128,-48.3603,80.47,36,1,2.3,smoke
205,Oyo,NG,7.85,3.9333,70.45,98,100,4.97,overcast clouds
206,Faya,SA,18.3851,42.4509,61.32,35,12,2.39,few clouds
207,Sao Filipe,CV,14.8961,-24.4956,77.32,86,100,6.71,light rain
208,Saint-Philippe,RE,-21.3585,55.7679,67.59,78,25,6.11,scattered clouds
209,Whitehorse,CA,60.7161,-135.0538,63.01,40,14,15.01,few clouds
210,Tasiilaq,GL,65.6145,-37.6368,41.16,63,26,9.8,scattered clouds
211,Saskylakh,RU,71.9167,114.0833,40.14,96,100,11.32,light rain
212,Arroio Grande,BR,-32.2375,-53.0869,52.66,89,11,6.38,few clouds
213,Kurumkan,RU,54.3,110.3,54.36,88,100,6.89,moderate rain
214,Altus,US,34.6381,-99.334,78.87,81,0,0.0,clear sky
215,Yar-Sale,RU,66.8333,70.8333,42.82,85,100,9.98,light rain
216,Ketchikan,US,55.3422,-131.6461,61.88,74,13,4.07,few clouds
217,Kolokani,ML,13.5728,-8.0339,70.75,89,36,1.23,scattered clouds
218,Port Blair,IN,11.6667,92.75,84.24,79,75,2.3,broken clouds
219,Sao Gabriel Da Cachoeira,BR,-0.1303,-67.0892,71.87,97,27,2.44,scattered clouds
220,Sangar,RU,63.9242,127.4739,45.25,84,100,10.4,light rain
221,Saint George,US,37.1041,-113.5841,103.95,12,0,8.05,clear sky
222,Malya,TZ,-2.9833,33.5167,66.47,61,68,12.71,broken clouds
223,Ponta Do Sol,PT,32.6667,-17.1,73.71,76,100,8.52,overcast clouds
224,Alta Floresta,BR,-9.8756,-56.0861,76.5,32,29,1.16,scattered clouds
225,Amos,CA,48.5669,-78.1162,46.18,96,100,8.39,overcast clouds
226,Tyukhtet,RU,56.5389,89.3011,58.91,98,100,5.57,light rain
227,Yancheng,CN,33.3856,120.1253,79.77,66,98,7.67,overcast clouds
228,Leshukonskoye,RU,64.8989,45.7622,40.42,73,100,9.82,overcast clouds
229,Cap Malheureux,MU,-19.9842,57.6142,70.72,75,5,7.85,clear sky
230,Alexandria,EG,31.2156,29.9553,78.84,69,0,8.19,clear sky
231,Kruisfontein,ZA,-34.0033,24.7314,45.88,70,4,6.2,clear sky
232,Hobyo,SO,5.3505,48.5268,75.22,84,58,19.33,broken clouds
233,Boguchany,RU,58.3814,97.4531,49.46,84,99,6.24,overcast clouds
234,Okha,RU,53.5739,142.9478,65.21,69,0,14.36,clear sky
235,Bud,US,39.447,-86.1758,70.92,80,3,6.24,clear sky
236,Ilulissat,GL,69.2167,-51.1,39.22,87,100,10.36,light intensity shower rain
237,Carnarvon,AU,-24.8667,113.6333,75.9,32,77,16.22,broken clouds
238,Healesville,AU,-37.65,145.5167,58.44,67,96,1.01,overcast clouds
239,Vanavara,RU,60.34,102.2797,42.33,86,71,12.48,light rain
240,Camacha,PT,33.0833,-16.3333,67.42,78,40,9.22,scattered clouds
241,Kaeo,NZ,-35.1,173.7833,58.62,60,100,6.82,overcast clouds
242,Acari,PE,-15.4311,-74.6158,62.37,72,60,4.34,broken clouds
243,Touros,BR,-5.1989,-35.4608,73.51,76,5,16.84,clear sky
244,The Valley,AI,18.217,-63.0578,83.82,75,0,15.28,clear sky
245,Te Anau,NZ,-45.4167,167.7167,54.48,88,95,3.85,overcast clouds
246,Takhtamygda,RU,54.1,123.5667,56.35,37,7,7.58,clear sky
247,Cabatuan,PH,10.8794,122.486,86.2,69,100,6.98,overcast clouds
248,Itacarambi,BR,-15.1022,-44.0919,63.93,57,0,7.83,clear sky
249,Dingle,PH,10.9995,122.6711,86.14,71,100,8.16,overcast clouds
250,Mareeba,AU,-17.0,145.4333,81.45,62,5,9.73,clear sky
251,Erice,IT,38.037,12.5865,70.27,67,91,4.34,overcast clouds
252,Pontianak,ID,-0.0333,109.3333,84.18,79,40,3.44,scattered clouds
253,Pechenga,RU,69.5259,31.1703,39.02,81,84,10.18,broken clouds
254,Komsomolskiy,UZ,40.4272,71.7189,68.72,40,0,6.91,clear sky
255,Santa Rosa,PH,14.3122,121.1114,86.09,73,97,10.42,overcast clouds
256,Ures,MX,29.4333,-110.4,82.53,69,34,6.02,scattered clouds
257,Vardo,NO,70.3705,31.1107,44.58,76,100,13.8,light intensity drizzle
258,Xining,CN,36.6167,101.7667,56.93,68,100,2.57,overcast clouds
259,Gasa,PS,31.5,34.4667,80.89,82,13,6.78,few clouds
260,Moose Factory,CA,51.2585,-80.6094,44.58,100,100,9.22,overcast clouds
261,Yulara,AU,-25.2406,130.9889,60.33,66,100,8.81,overcast clouds
262,Vossevangen,NO,60.623,6.4229,55.54,96,8,1.03,clear sky
263,Sumenep,ID,-7.0167,113.8667,84.78,66,86,10.18,overcast clouds
264,Brae,GB,60.3964,-1.353,52.36,72,98,1.99,overcast clouds
265,Sangmelima,CM,2.9333,11.9833,66.6,97,100,4.36,light rain
266,Salalah,OM,17.0151,54.0924,78.89,78,75,2.3,broken clouds
267,San Luis,AR,-33.295,-66.3356,56.98,35,0,9.04,clear sky
268,Tianpeng,CN,30.9866,103.9393,66.63,93,100,3.15,overcast clouds
269,Gamba,GA,-2.65,10.0,72.84,89,65,6.62,broken clouds
270,Pangnirtung,CA,66.1451,-65.7125,45.81,58,100,6.76,overcast clouds
271,Presidencia Roque Saenz Pena,AR,-26.7852,-60.4388,74.66,45,0,10.29,clear sky
272,Normandin,CA,48.8333,-72.5321,53.44,83,78,4.81,broken clouds
273,Santa Maria,BR,-29.6842,-53.8069,56.32,86,7,4.97,clear sky
274,Birnin Kebbi,NG,12.4539,4.1975,76.78,83,78,6.76,broken clouds
275,Alhaurin De La Torre,ES,36.664,-4.5614,79.23,59,0,6.91,clear sky
276,Sibolga,ID,1.7427,98.7792,77.63,88,99,0.81,overcast clouds
277,Zunyi,CN,27.6867,106.9072,71.6,67,31,4.61,scattered clouds
278,Marijampole,LT,54.5667,23.35,48.69,82,94,7.36,overcast clouds
279,Saint-Joseph,RE,-21.3667,55.6167,66.58,77,32,8.5,scattered clouds
280,Hovd,MN,48.0056,91.6419,65.48,27,5,2.06,clear sky
281,Arman,RU,59.7,150.1667,68.02,73,3,6.2,clear sky
282,Parainen,FI,60.3067,22.301,48.15,81,7,12.77,clear sky
283,Coahuayana,MX,18.7333,-103.6833,80.37,87,98,7.05,overcast clouds
284,Belyy Yar,RU,53.6039,91.3903,63.86,57,0,4.47,clear sky
285,Ola,RU,59.5833,151.2833,68.14,73,6,6.64,clear sky
286,Lompoc,US,34.6391,-120.4579,75.34,78,0,9.22,clear sky
287,Muyezerskiy,RU,63.9333,31.65,42.35,84,100,14.29,overcast clouds
288,North Platte,US,41.1239,-100.7654,73.29,53,0,5.75,clear sky
289,Barcelona,ES,41.3888,2.159,77.54,58,0,13.8,clear sky
290,Tautira,PF,-17.7333,-149.15,77.22,74,12,13.42,few clouds
291,Darhan,MN,49.4867,105.9228,62.91,48,20,6.93,few clouds
292,Sept-Iles,CA,50.2001,-66.3821,62.06,97,97,3.0,light rain
293,Basco,PH,20.4487,121.9702,85.01,79,100,22.64,overcast clouds
294,Retsag,HU,47.9282,19.1372,61.95,67,100,4.59,moderate rain
295,Kaitangata,NZ,-46.2817,169.8464,59.74,68,14,4.72,few clouds
296,Phan Thiet,VN,10.9333,108.1,85.91,65,88,1.99,overcast clouds
297,Severo-Kurilsk,RU,50.6789,156.125,57.25,77,100,1.41,overcast clouds
298,Tahoua,NE,14.8888,5.2692,75.33,72,100,22.21,overcast clouds
299,Gheorgheni,RO,46.7167,25.6167,56.89,95,100,3.15,overcast clouds
300,Churapcha,RU,62.0025,132.4325,41.49,93,100,5.35,moderate rain
301,Altamira,BR,-3.2033,-52.2064,75.58,60,5,2.8,clear sky
302,Nanakuli,US,21.3906,-158.1547,85.98,51,20,13.8,few clouds
303,Sola,VU,-13.8833,167.55,79.74,75,68,22.55,broken clouds
304,San Jeronimo,PE,-11.9472,-75.2829,51.12,69,30,3.53,scattered clouds
305,Praia Da Vitoria,PT,38.7333,-27.0667,70.75,85,100,7.67,overcast clouds
306,Port-Gentil,GA,-0.7193,8.7815,76.24,83,100,11.68,overcast clouds
307,Champasak,LA,14.75,106.0,85.12,69,12,0.96,few clouds
308,Muhos,FI,64.808,25.9931,42.58,76,80,6.15,broken clouds
309,Safaga,EG,26.7292,33.9365,85.46,54,0,13.85,clear sky
310,Nokaneng,BW,-19.6667,22.2667,60.35,52,0,12.75,clear sky
311,Sao Joao Da Barra,BR,-21.6403,-41.0511,65.16,66,2,8.61,clear sky
312,Pedernales,DO,18.0384,-71.744,81.3,76,97,1.86,overcast clouds
313,Pringsewu,ID,-5.3582,104.9744,81.19,82,44,1.97,scattered clouds
314,Zarasai,LT,55.7333,26.25,42.89,90,33,5.77,scattered clouds
315,Grand Forks,US,47.9417,-97.4337,71.33,73,0,9.22,clear sky
316,Makat,KZ,47.6469,53.3463,76.51,26,4,8.34,clear sky
317,Bonavista,CA,48.6499,-53.1147,63.93,94,27,9.69,scattered clouds
318,Kitimat,CA,54.0524,-128.6534,67.91,56,81,5.08,broken clouds
319,Spineni,RO,44.7,24.5667,65.16,79,60,6.17,broken clouds
320,Bengkulu,ID,-3.8004,102.2655,78.13,85,100,2.28,overcast clouds
321,Tanete,ID,-3.9443,119.7848,86.29,60,15,11.79,few clouds
322,Pingliang,CN,35.5392,106.6861,70.07,42,15,6.55,few clouds
323,Leh,IN,34.1667,77.5833,58.66,52,7,6.62,clear sky
324,Tocache,PE,-8.1842,-76.5125,76.12,65,99,1.25,overcast clouds
325,Ambon,ID,-3.6954,128.1814,84.34,84,40,3.44,scattered clouds
326,Lalmohan,BD,22.3384,90.7419,85.87,74,100,7.11,overcast clouds
327,Wamba,NG,8.9333,8.6,70.48,98,100,4.09,moderate rain
328,Lisakovsk,KZ,52.5369,62.4936,70.07,35,90,7.2,overcast clouds
329,Mildura,AU,-34.2,142.15,64.08,48,98,3.8,overcast clouds
330,Sorland,NO,67.667,12.6934,50.65,72,66,10.74,broken clouds
331,Kuytun,RU,54.3419,101.5036,58.73,79,98,9.44,light rain
332,Chuy,UY,-33.6971,-53.4616,52.43,95,49,6.85,scattered clouds
333,Airai,TL,-8.9266,125.4092,76.5,39,44,4.47,scattered clouds
334,Kajaani,FI,64.2273,27.7285,44.65,81,0,9.22,clear sky
335,Panguna,PG,-6.3164,155.4848,80.98,63,31,3.67,light rain
336,Necochea,AR,-38.5473,-58.7368,53.8,80,100,8.32,overcast clouds
337,Jutai,BR,-5.1833,-68.9,76.3,76,55,2.08,broken clouds
338,North Bend,US,43.4065,-124.2243,61.92,92,100,5.75,mist
339,Vammala,FI,61.3333,22.9,41.7,86,22,6.67,few clouds
340,Caibarien,CU,22.5206,-79.4669,74.52,80,89,11.81,overcast clouds
341,Zhigansk,RU,66.7697,123.3711,47.37,61,53,12.75,broken clouds
342,Saint-Augustin,CA,51.226,-58.6502,63.57,95,100,6.29,overcast clouds
343,Tessalit,ML,20.1986,1.0114,88.66,15,46,4.05,scattered clouds
344,Bay Roberts,CA,47.5999,-53.2648,70.14,94,46,1.01,scattered clouds
345,Tawang,IN,27.5833,91.8667,59.27,91,100,2.91,overcast clouds
346,Avallon,FR,47.4833,3.9,61.61,66,99,3.49,overcast clouds
347,Mackay,AU,-21.15,149.2,77.68,81,31,15.28,scattered clouds
348,Mercedes,AR,-34.6515,-59.4307,59.95,79,100,7.56,overcast clouds
349,Orlik,RU,52.5178,99.825,58.35,48,76,7.61,broken clouds
350,Meulaboh,ID,4.1363,96.1285,79.21,80,93,3.24,overcast clouds
351,Kavaratti,IN,10.5669,72.642,77.31,89,100,17.76,overcast clouds
352,Pisco,PE,-13.7,-76.2167,59.05,88,0,9.22,clear sky
353,Makakilo City,US,21.3469,-158.0858,84.56,52,20,19.57,few clouds
354,Ewing,US,40.2698,-74.7999,74.7,62,0,4.61,clear sky
355,Osijek,HR,45.5511,18.6939,66.42,77,40,12.66,scattered clouds
356,Namibe,AO,-15.1961,12.1522,62.6,90,15,7.54,few clouds
357,Ko Samui,TH,9.5357,99.9357,83.8,72,100,1.59,overcast clouds
358,Lavrentiya,RU,65.5833,-171.0,45.68,99,100,9.6,light rain
359,Ahuimanu,US,21.4447,-157.8378,85.75,62,20,19.57,few clouds
360,Atar,MR,20.5169,-13.0499,79.39,77,100,4.63,moderate rain
361,Olafsvik,IS,64.8945,-23.7142,47.28,82,33,10.63,scattered clouds
362,Bethel,US,41.3712,-73.414,71.91,67,0,3.44,clear sky
363,Chernyshevsk,RU,52.5243,117.0174,62.55,42,59,11.72,broken clouds
364,Amapa,BR,1.0,-52.0,71.24,94,59,2.46,broken clouds
365,Oranjemund,NA,-28.55,16.4333,57.38,82,2,8.84,clear sky
366,Ugoofaaru,MV,5.6667,73.0,80.83,76,100,17.02,overcast clouds
367,Fort-Shevchenko,KZ,44.5086,50.263,78.26,39,3,13.44,clear sky
368,Wajima,JP,37.4,136.9,74.21,93,100,11.23,light rain
369,Sinnamary,GF,5.3833,-52.95,78.15,88,54,7.34,broken clouds
370,Timizart,DZ,36.8,4.2667,75.67,57,70,3.51,broken clouds
371,Sitka,US,57.0531,-135.33,62.49,67,0,3.44,clear sky
372,Ballina,AU,-28.8667,153.5667,69.01,74,21,6.42,few clouds
373,Santiago Del Estero,AR,-27.7951,-64.2615,67.84,43,0,0.94,clear sky
374,Broken Hill,AU,-31.95,141.4333,61.81,35,92,5.08,overcast clouds
375,Quatre Cocos,MU,-20.2078,57.7625,62.71,81,5,5.55,clear sky
376,Rypefjord,NO,70.6333,23.6667,43.27,70,100,4.61,overcast clouds
377,Sao Francisco De Assis,BR,-29.5503,-55.1311,59.13,79,7,7.85,clear sky
378,Preobrazheniye,RU,42.9019,133.9064,72.73,64,0,13.31,clear sky
379,Mogadishu,SO,2.0371,45.3438,75.11,79,10,17.9,clear sky
380,Pilar,BR,-9.5972,-35.9567,69.73,96,82,4.0,broken clouds
381,Storsteinnes,NO,69.2408,19.2344,43.45,90,65,3.83,broken clouds
382,Daru,PG,-9.0763,143.2092,80.67,85,94,11.52,overcast clouds
383,Vostok,RU,46.4856,135.8833,65.35,74,42,6.24,scattered clouds
384,Pangai,TO,-19.8,-174.35,73.81,64,22,14.85,few clouds
385,Inhambane,MZ,-23.865,35.3833,62.51,83,32,10.49,light rain
386,Zeya,RU,53.75,127.2667,56.7,46,0,6.62,clear sky
387,Usinsk,RU,65.9939,57.5281,36.59,89,17,6.44,few clouds
388,Seshcha,RU,53.7361,33.3387,42.69,84,6,6.69,clear sky
389,Rocha,UY,-34.4833,-54.3333,55.31,89,100,6.26,overcast clouds
390,Talnakh,RU,69.4865,88.3972,45.01,67,73,3.36,broken clouds
391,Long Beach,US,33.767,-118.1892,104.97,45,0,19.57,clear sky
392,Adrar,MR,20.5022,-10.0711,84.52,47,7,15.28,clear sky
393,Dunedin,NZ,-45.8742,170.5036,58.84,69,2,9.75,clear sky
394,San Juan,AR,-31.5375,-68.5364,63.75,19,13,11.27,few clouds
395,Kieta,PG,-6.2167,155.6333,83.98,69,14,3.44,light rain
396,Marawi,PH,7.9986,124.2928,80.92,65,58,2.77,broken clouds
397,Ermelo,ZA,-26.5333,29.9833,36.91,61,0,2.13,clear sky
398,Jardim,BR,-21.4803,-56.1381,74.82,48,0,7.09,clear sky
399,Provideniya,RU,64.3833,-173.3,48.36,100,100,8.99,light intensity shower rain
400,Najran,SA,17.4924,44.1277,76.3,27,28,3.18,scattered clouds
401,San Policarpo,PH,12.1791,125.5072,87.24,64,100,5.95,overcast clouds
402,Cairns,AU,-16.9167,145.7667,86.07,71,100,17.27,overcast clouds
403,Acarau,BR,-2.8856,-40.12,77.58,80,88,13.94,overcast clouds
404,Lazurne,UA,46.084,32.5295,72.1,72,100,14.56,light rain
405,Vestmannaeyjar,IS,63.4427,-20.2734,50.99,72,100,7.18,overcast clouds
406,Sampit,ID,-2.5333,112.95,87.1,61,42,1.88,scattered clouds
407,Vanino,RU,49.0869,140.2543,69.85,59,0,10.13,clear sky
408,Haines Junction,CA,60.7522,-137.5108,54.63,54,100,8.5,overcast clouds
409,Chara,RU,56.9064,118.2631,43.29,86,98,6.67,light rain
410,Ostrovnoy,RU,68.0531,39.5131,45.37,73,99,13.62,light rain
411,Neiafu,TO,-18.65,-173.9833,75.4,70,44,16.06,scattered clouds
412,Kedougou,SN,12.5579,-12.1743,71.83,98,100,2.33,light rain
413,Astoria,US,46.1879,-123.8313,62.44,89,100,8.05,overcast clouds
414,Ishigaki,JP,24.3448,124.1572,82.53,94,75,24.16,heavy intensity shower rain
415,Semme,FR,46.1963,1.5007,70.21,73,81,3.58,broken clouds
416,Hanna,CA,51.6334,-111.9018,77.54,36,0,5.1,clear sky
417,Taloda,IN,21.5667,74.2167,80.42,85,100,5.84,moderate rain
418,Hauterive,FR,46.0901,3.4459,61.56,75,86,2.37,overcast clouds
419,Iacu,BR,-12.7672,-40.2117,63.86,79,4,4.0,clear sky
420,Itajuba,BR,-22.4256,-45.4528,51.01,61,0,2.66,clear sky
421,Haukipudas,FI,65.1765,25.3523,42.85,79,100,13.18,overcast clouds
422,Yankton,US,42.8711,-97.3973,74.12,83,0,0.0,clear sky
423,Finschhafen,PG,-6.6024,147.8681,85.12,66,90,6.67,moderate rain
424,Ambilobe,MG,-13.2,49.05,68.11,89,65,1.59,broken clouds
425,Sakaiminato,JP,35.55,133.2333,75.4,89,100,4.12,overcast clouds
426,Erdenet,MN,49.0333,104.0833,59.41,55,44,3.13,scattered clouds
427,Yakeshi,CN,49.2833,120.7333,63.32,31,60,17.74,broken clouds
428,Santa Lucia,ES,27.9117,-15.5407,68.76,83,20,13.8,few clouds
429,Karratha,AU,-20.7377,116.8463,78.51,45,80,16.62,broken clouds
430,Coari,BR,-4.085,-63.1414,75.94,70,22,2.44,few clouds
431,Wasilla,US,61.5814,-149.4394,55.36,86,100,6.91,light rain
432,Cascais,PT,38.6979,-9.4215,66.94,72,9,15.99,clear sky
433,Doha,QA,25.2867,51.5333,89.58,72,0,2.3,clear sky
434,Tshane,BW,-24.0196,21.8684,56.19,61,93,15.46,overcast clouds
435,Gorontalo,ID,0.5412,123.0595,87.46,59,98,3.85,moderate rain
436,Susangerd,IR,31.5608,48.1831,91.22,22,0,5.68,clear sky
437,Uruzgan,AF,32.8333,66.0,70.52,26,0,2.08,clear sky
438,Vila,PT,42.0304,-8.1588,50.88,90,100,1.54,overcast clouds
439,Victor Harbor,AU,-35.5667,138.6167,59.0,68,37,8.86,scattered clouds
440,Muros,ES,42.7762,-9.0603,63.09,92,100,6.78,overcast clouds
441,Bursa,TR,40.1667,29.0833,64.44,91,3,0.45,clear sky
442,Mokhotlong,LS,-29.2894,29.0675,36.5,39,12,2.46,few clouds
443,Mindelo,CV,16.8901,-24.9804,78.35,78,40,1.14,scattered clouds
444,Havoysund,NO,70.9963,24.6622,44.83,66,99,10.04,overcast clouds
445,Thanh Hoa,VN,19.8,105.7667,85.57,70,85,4.36,overcast clouds
446,Maraba,BR,-5.3686,-49.1178,75.38,83,20,0.0,mist
447,Pinawa,CA,50.1489,-95.8811,67.48,71,3,2.48,clear sky
448,Katangli,RU,51.7102,143.2326,64.94,72,1,7.27,clear sky
449,Mafeteng,LS,-29.823,27.2374,45.54,46,66,5.64,broken clouds
450,Khromtau,KZ,50.2503,58.4347,71.29,28,15,8.84,few clouds
451,Pyaozerskiy,RU,65.8333,31.1667,42.28,74,100,10.85,overcast clouds
452,Husavik,IS,66.0449,-17.3389,49.01,85,33,1.39,scattered clouds
453,Concordia,AR,-31.393,-58.0209,63.79,80,4,13.0,clear sky
454,The Pas,CA,53.8251,-101.2541,68.0,61,6,1.23,clear sky
455,Karaton,ID,-6.3424,106.1045,82.98,69,84,3.42,broken clouds
456,Hamilton,US,39.1834,-84.5333,71.78,76,20,5.75,few clouds
457,Guymon,US,36.6828,-101.4816,80.6,41,0,5.75,clear sky
458,Cabedelo,BR,-6.9811,-34.8339,72.27,81,98,15.3,overcast clouds
459,Kristiinankaupunki,FI,62.2743,21.376,46.36,77,49,8.05,scattered clouds
460,Yarmolyntsi,UA,49.1924,26.8373,54.07,68,100,6.82,overcast clouds
461,Ayni,TJ,39.3941,68.5377,66.2,31,0,2.68,clear sky
462,Coolum Beach,AU,-26.5333,153.1,70.11,80,100,10.47,overcast clouds
463,Palmer,US,42.1584,-72.3287,66.61,77,0,2.64,clear sky
464,Chopinzinho,BR,-25.8558,-52.5233,53.33,82,0,5.37,clear sky
465,Cao Bang,VN,22.6667,106.25,81.52,83,92,3.96,light rain
466,Natchez,US,31.5604,-91.4032,79.02,94,0,5.75,clear sky
467,Marshall,US,34.3834,-86.3333,76.37,68,0,3.44,clear sky
468,Faanui,PF,-16.4833,-151.75,78.78,61,24,16.4,few clouds
469,Nueva Germania,PY,-23.9,-56.5667,73.6,52,0,8.46,clear sky
470,Trat,TH,12.5,102.5,85.87,76,39,1.68,scattered clouds
471,Penjamo,MX,20.4333,-101.7333,66.15,75,100,3.98,overcast clouds
472,Hofn,IS,64.2539,-15.2082,51.39,88,100,18.63,overcast clouds
473,Balykshi,KZ,47.0667,51.8667,71.6,30,0,6.71,clear sky
474,Olinda,BR,-8.0089,-34.8553,71.33,83,40,6.91,scattered clouds
475,Tortosa,ES,40.8125,0.5216,71.24,71,20,2.77,few clouds
476,Panaba,MX,21.2833,-88.2667,76.59,93,100,7.45,overcast clouds
477,Union,US,40.6334,-74.2663,79.11,53,0,11.5,clear sky
478,Edson,CA,53.5835,-116.4356,72.64,54,90,2.24,overcast clouds
479,Turukhansk,RU,65.8167,87.9833,40.19,89,100,5.17,overcast clouds
480,Saldanha,ZA,-33.0117,17.9442,55.45,86,78,13.76,broken clouds
481,Salinas,US,36.6777,-121.6555,81.48,65,0,13.8,clear sky
482,Grand Gaube,MU,-20.0064,57.6608,63.0,75,5,7.85,clear sky
483,Kinshasa,CD,-4.3246,15.3215,78.13,62,100,6.8,overcast clouds
484,Grand Island,US,40.925,-98.342,73.38,64,40,8.05,scattered clouds
485,Margate,GB,51.3813,1.3862,67.3,78,96,5.01,overcast clouds
486,Vitina,BA,43.2375,17.4839,72.43,81,48,2.84,scattered clouds
487,Lambarene,GA,-0.7001,10.2406,74.17,85,100,4.68,overcast clouds
488,Batagay-Alyta,RU,67.8006,130.4114,51.91,60,100,8.84,overcast clouds
489,Godhra,IN,22.75,73.6333,81.75,81,100,3.74,overcast clouds
490,Magadan,RU,59.5667,150.8,67.53,75,5,5.55,clear sky
491,Castres,FR,43.5833,2.1667,70.43,83,100,10.36,overcast clouds
492,Koumac,NC,-20.5667,164.2833,77.02,67,91,5.23,overcast clouds
493,San Giovanni Rotondo,IT,41.7049,15.7191,65.82,83,40,3.44,scattered clouds
494,Skjervoy,NO,70.0311,20.9714,41.0,67,100,6.6,overcast clouds
495,Kimbe,PG,-5.5502,150.1429,87.75,64,73,5.73,light rain
496,Keetmanshoop,NA,-26.5833,18.1333,67.89,40,27,13.62,scattered clouds
497,Pangody,RU,65.85,74.4859,42.73,85,100,5.68,overcast clouds
498,Beringovskiy,RU,63.05,179.3167,42.53,93,100,32.39,light rain
499,Winnemucca,US,40.973,-117.7357,91.45,13,0,5.75,clear sky
500,Grindavik,IS,63.8424,-22.4338,46.9,87,100,11.5,overcast clouds
501,Padang,ID,-0.9492,100.3543,82.45,76,98,2.13,overcast clouds
502,Nantucket,US,41.2835,-70.0995,73.51,85,20,5.75,few clouds
503,Gat,IL,31.61,34.7642,79.81,100,29,3.51,scattered clouds
504,Ust-Tsilma,RU,65.441,52.1498,37.15,78,100,5.64,overcast clouds
505,Guanica,PR,17.9716,-66.908,80.98,89,16,3.6,few clouds
506,Yerbogachen,RU,61.2767,108.0108,40.96,93,100,9.26,overcast clouds
507,Tucuman,AR,-26.8241,-65.2226,51.8,62,0,8.05,smoke
508,Ndola,ZM,-12.9587,28.6366,57.24,76,6,9.69,clear sky
509,Monrovia,LR,6.3005,-10.7969,74.93,91,100,9.13,moderate rain
510,Kaniama,CD,-7.5667,24.1833,74.44,61,99,2.13,overcast clouds
511,Acapulco,MX,16.8634,-99.8901,84.02,74,40,8.05,scattered clouds
512,San Cristobal,VE,7.7669,-72.225,69.98,98,25,2.39,scattered clouds
513,Choya,RU,52.0108,86.5467,63.28,71,59,2.17,broken clouds
514,Surab,PK,28.4914,66.2585,69.76,34,3,5.23,clear sky
515,Marsa Matruh,EG,31.3525,27.2453,75.4,78,20,5.75,few clouds
516,Mitsamiouli,KM,-11.3847,43.2844,75.11,75,2,22.53,clear sky
517,San Jose,US,37.3394,-121.895,83.12,51,0,11.5,clear sky
518,La Plata,AR,-34.9215,-57.9545,61.03,85,100,6.38,overcast clouds
519,Zahir Pir,PK,28.8124,70.524,83.39,67,2,11.56,clear sky
520,Cooma,AU,-36.2333,149.1333,60.67,40,10,7.61,clear sky
521,Zastron,ZA,-30.3023,27.084,47.28,47,65,5.99,broken clouds
522,Dzaoudzi,YT,-12.7887,45.2699,75.09,78,75,26.46,broken clouds
523,Pochutla,MX,15.7432,-96.4661,82.22,89,99,4.63,overcast clouds
524,Arlit,NE,18.7369,7.3853,96.51,18,100,5.86,overcast clouds
525,Nyagan,RU,62.1406,65.3936,42.85,72,99,4.36,overcast clouds
526,Moussoro,TD,13.6408,16.4901,75.42,75,100,15.32,light rain
527,Gravdal,NO,68.1214,13.5031,48.56,73,97,7.56,overcast clouds
528,Jablah,SY,35.3614,35.9256,77.65,81,5,2.64,clear sky
529,Loreto,MX,22.2667,-101.9667,68.83,53,99,15.17,overcast clouds
530,Florianopolis,BR,-27.6146,-48.5012,62.69,83,75,6.91,broken clouds
531,Hastings,GB,50.8552,0.5729,67.75,81,100,19.82,overcast clouds
532,Panjab,AF,34.388,67.0233,52.66,33,0,3.51,clear sky
533,Martapura,ID,-3.4167,114.85,86.09,70,20,3.44,few clouds
534,Kassala,SD,15.451,36.4,77.52,79,74,12.3,broken clouds
535,Staroutkinsk,RU,57.2302,59.3348,56.66,93,97,7.38,overcast clouds
536,Los Llanos De Aridane,ES,28.6585,-17.9182,73.13,89,100,12.66,overcast clouds
537,Moranbah,AU,-22.0016,148.0466,79.34,41,3,16.6,clear sky
538,Byron Bay,AU,-28.65,153.6167,71.94,63,22,7.11,few clouds
539,Anori,BR,-3.7728,-61.6442,78.46,60,87,3.29,overcast clouds
540,Shimizu,JP,43.0061,142.8847,65.95,81,100,1.32,overcast clouds
541,Maumere,ID,-8.6199,122.2111,83.41,69,84,1.52,broken clouds
542,Tura,IN,25.5198,90.2201,78.15,93,94,4.72,moderate rain
543,Kilimatinde,TZ,-5.85,34.95,62.67,62,5,4.43,clear sky
544,Ibra,OM,22.6906,58.5334,77.97,61,0,3.44,clear sky
545,Ontario,US,34.0633,-117.6509,102.85,26,20,12.66,few clouds
546,Mariental,NA,-24.6333,17.9667,68.2,29,96,16.53,overcast clouds
547,Mollendo,PE,-17.0231,-72.0147,58.08,86,76,8.1,broken clouds
548,Gazanjyk,TM,39.2446,55.5154,77.94,16,0,8.43,clear sky
549,Gongzhuling,CN,43.5008,124.8198,60.37,63,2,4.61,clear sky
550,Luderitz,NA,-26.6481,15.1594,56.43,82,67,3.11,broken clouds
551,Soyo,AO,-6.1349,12.3689,73.31,83,100,7.45,overcast clouds
552,Ilo,PE,-17.6394,-71.3375,58.48,84,53,8.05,broken clouds
553,Talcahuano,CL,-36.7167,-73.1167,50.94,85,52,9.86,broken clouds
554,Yanam,IN,16.7333,82.2167,83.37,72,4,1.66,clear sky
555,Longyearbyen,SJ,78.2186,15.6401,39.04,81,100,8.05,overcast clouds
556,Mehamn,NO,71.0357,27.8492,44.55,70,100,10.36,overcast clouds
557,Togur,RU,58.3631,82.8265,53.28,92,100,8.75,light rain
558,Puerto Madryn,AR,-42.7692,-65.0385,54.68,41,0,4.88,clear sky
559,Honiara,SB,-9.4333,159.95,83.82,77,73,11.48,broken clouds
560,Hambantota,LK,6.1241,81.1185,77.77,84,100,14.81,overcast clouds
561,Sur,OM,22.5667,59.5289,83.59,61,0,6.55,clear sky
562,San Onofre,CO,9.7359,-75.5263,78.31,86,100,3.49,overcast clouds
563,Touba,CI,8.2833,-7.6833,67.51,99,99,2.73,light rain
564,Inuvik,CA,68.3499,-133.7218,67.06,42,75,3.44,broken clouds
565,Taoudenni,ML,22.6783,-3.9836,95.41,21,14,5.99,few clouds
566,Blackfoot,US,43.1905,-112.345,90.41,15,22,5.32,few clouds
567,Benguela,AO,-12.5763,13.4055,68.02,88,11,3.65,few clouds
568,Dzhuryn,UA,49.0329,25.5839,57.36,54,100,6.8,overcast clouds
569,Sao Gotardo,BR,-19.3111,-46.0489,52.63,44,0,3.51,clear sky
570,Mutis,CO,6.2262,-77.4044,77.58,89,100,6.67,light rain
571,Lichfield,GB,52.6815,-1.8255,59.16,87,8,4.0,clear sky
572,Champerico,GT,14.3,-91.9167,79.97,84,100,5.99,overcast clouds
573,Nikel,RU,69.4128,30.222,41.18,88,97,5.88,overcast clouds
574,Lasa,IT,46.6166,10.7002,50.68,91,100,4.47,overcast clouds
575,Avera,US,33.194,-82.5271,78.85,60,100,1.25,overcast clouds
576,Bac,RS,45.3919,19.2367,64.4,49,100,8.34,overcast clouds
577,Luebo,CD,-5.35,21.4167,72.63,86,76,1.95,broken clouds
578,Grajewo,PL,53.6473,22.4554,45.63,81,3,5.06,clear sky
579,Haikou,CN,20.0458,110.3417,86.97,67,0,1.81,clear sky
580,Dolores,AR,-36.3132,-57.6792,53.56,88,100,6.11,overcast clouds
581,Baruun-Urt,MN,46.6806,113.2792,63.86,23,3,14.94,clear sky
582,Praya,CV,14.9215,-23.5087,77.54,88,75,6.91,broken clouds
583,Sobolevo,RU,54.4299,31.8996,43.52,87,93,6.17,overcast clouds
584,Tortoli,IT,39.9256,9.6572,78.62,50,0,10.36,clear sky
585,Bereda,ES,43.2686,-7.5406,60.58,100,100,1.79,overcast clouds
586,Nizhniy Odes,RU,63.6445,54.856,40.53,77,100,8.61,overcast clouds
587,Dudinka,RU,69.4058,86.1778,43.0,82,95,5.82,overcast clouds
588,Kahului,US,20.8947,-156.47,87.82,60,20,24.16,few clouds
589,Molochnoye,RU,59.2917,39.6787,46.47,90,100,12.1,overcast clouds
590,Hailar,CN,49.2,119.7,64.54,33,58,19.04,broken clouds
591,Solnechnyy,RU,50.7214,136.6319,67.68,66,36,9.33,scattered clouds
592,Merke,KZ,42.8728,73.1786,72.41,32,2,2.39,clear sky
593,Jian,CN,27.1172,114.9793,73.06,85,100,7.47,overcast clouds
594,Santa Barbara,US,34.7333,-120.0343,92.34,53,0,8.05,clear sky
595,Maningrida,AU,-12.0667,134.2667,88.03,54,79,13.15,broken clouds
596,Navsari,IN,20.9524,72.9324,78.69,89,100,6.15,moderate rain
597,El Cobre,CU,20.0489,-75.9469,78.24,69,40,6.91,scattered clouds
598,Kemijarvi,FI,66.7131,27.4306,41.2,86,98,8.95,overcast clouds
599,Sheridan,US,44.8333,-106.9173,82.92,31,0,4.61,clear sky
600,Kez,RU,57.8979,53.7152,58.59,92,100,3.74,overcast clouds
601,Paita,PE,-5.0892,-81.1144,62.62,80,92,14.9,overcast clouds
602,Jumla,NP,29.2747,82.1838,64.87,77,64,1.63,broken clouds
603,Vallenar,CL,-28.5708,-70.7581,51.6,81,12,2.51,few clouds
604,Aksha,RU,50.2814,113.2867,63.27,39,7,7.54,clear sky
605,Handan,CN,36.6006,114.4678,81.05,56,76,4.76,broken clouds
606,Jefferson City,US,38.5767,-92.1735,76.77,73,0,0.0,clear sky
607,Ishim,RU,56.1128,69.4902,62.42,83,6,7.16,clear sky
608,General Roca,AR,-39.0333,-67.5833,59.63,39,79,17.31,broken clouds
609,Nilopolis,BR,-22.8075,-43.4139,67.66,77,0,9.22,clear sky
610,Paamiut,GL,61.994,-49.6678,42.91,62,100,5.14,overcast clouds
611,Bhopal,IN,23.2667,77.4,77.23,94,98,0.0,haze
612,Gaffney,US,35.0718,-81.6498,77.29,62,2,1.9,clear sky
613,Japura,ID,-0.3167,102.35,82.49,78,41,2.71,scattered clouds
614,Santa Rosalia,MX,27.3167,-112.2833,83.37,73,8,6.71,clear sky
615,Novomichurinsk,RU,54.0384,39.7479,48.13,79,43,7.47,scattered clouds
616,Golden,US,39.7555,-105.2211,76.62,40,75,12.66,broken clouds
617,Lazaro Cardenas,MX,17.9583,-102.2,79.95,84,86,2.19,overcast clouds
618,Sorong,ID,-0.8833,131.25,82.92,70,15,3.22,few clouds
619,Bulri,PK,24.8667,68.3333,79.59,85,6,10.58,clear sky
620,Sabha,LY,27.0377,14.4283,81.14,34,0,12.84,clear sky
621,Vikhorevka,RU,56.1201,101.1636,53.19,81,100,8.25,overcast clouds
622,Burnie,AU,-41.0667,145.9167,56.91,83,97,11.01,overcast clouds
623,Aimores,BR,-19.4958,-41.0639,57.13,80,0,2.59,clear sky
624,San Patricio,US,28.017,-97.5169,84.88,71,95,9.04,overcast clouds
625,Kargat,RU,55.1956,80.2811,69.19,50,24,11.59,few clouds
626,Yumen,CN,40.2833,97.2,74.5,16,100,12.97,overcast clouds
627,Tallahassee,US,30.4383,-84.2807,75.67,95,75,6.91,thunderstorm
628,Sfantu Gheorghe,RO,45.8667,25.7833,62.26,94,65,3.47,broken clouds
629,West Memphis,US,35.1465,-90.1845,77.65,69,0,3.44,clear sky
630,Bondo,CD,3.8146,23.6866,67.06,99,97,0.22,overcast clouds
631,Okhotsk,RU,59.3833,143.3,61.75,80,95,11.52,overcast clouds
632,Feijo,BR,-8.1642,-70.3536,75.22,57,8,1.92,clear sky
633,Sabang,ID,5.8933,95.3214,80.74,78,99,9.62,overcast clouds
634,Naryan-Mar,RU,67.6713,53.087,38.28,91,62,5.77,broken clouds
635,Cilegon,ID,-6.0174,106.0538,82.96,72,84,6.08,broken clouds
636,Ust-Ordynskiy,RU,52.805,104.7508,63.91,50,59,4.81,broken clouds
637,Kirakira,SB,-10.4544,161.9205,79.65,84,100,9.48,light rain
638,Black Forest,US,39.0131,-104.7008,66.2,57,20,6.91,few clouds
639,Stepnyak,KZ,52.8339,70.7803,69.93,39,85,11.88,overcast clouds
640,Sung Noen,TH,14.8992,101.8207,87.66,72,100,0.89,overcast clouds
641,Bang Khla,TH,13.7214,101.2081,89.1,79,100,2.8,overcast clouds
642,Hammerfest,NO,70.6634,23.6821,43.25,70,100,4.61,overcast clouds
643,Zuenoula,CI,7.4292,-6.0431,69.91,94,99,3.67,overcast clouds
644,Warmbad,NA,-28.45,18.7333,68.59,43,9,19.66,clear sky
645,Ahipara,NZ,-35.1667,173.1667,59.5,60,100,5.61,overcast clouds
646,Ubauro,PK,28.1652,69.7289,83.55,71,3,6.98,clear sky
647,Fethiye,TR,36.6217,29.1164,73.27,70,0,2.66,clear sky
648,Hwange,ZW,-18.3693,26.5019,62.06,55,0,9.1,clear sky
649,Ulaanbaatar,MN,47.9077,106.8832,55.53,58,0,2.24,clear sky
650,Pemangkat,ID,1.1667,108.9667,82.47,76,32,5.01,scattered clouds
651,Omboue,GA,-1.5746,9.2618,74.77,84,92,6.33,overcast clouds
652,Ishinomaki,JP,38.4167,141.3,77.0,81,80,7.34,broken clouds
653,Lunel,FR,43.6778,4.1361,70.75,78,0,6.91,clear sky
654,Van,TR,38.4924,43.3831,56.55,47,0,3.44,clear sky
655,Eyl,SO,7.9803,49.8164,75.6,78,61,18.75,broken clouds
656,Horki,BY,54.2861,30.9842,48.34,68,99,5.88,overcast clouds
657,Navlya,RU,52.8281,34.4989,44.74,92,36,4.38,scattered clouds
658,Funehiki,JP,37.4333,140.5833,85.01,62,64,9.82,broken clouds
659,Macamic,CA,48.7502,-78.9996,41.99,94,100,10.31,light rain
660,Birao,CF,10.2849,22.7882,65.55,96,100,3.56,light rain
661,Nioro,GM,13.35,-15.75,73.36,97,100,6.53,moderate rain
662,Hearst,CA,49.6835,-83.6665,46.65,58,95,9.6,overcast clouds
663,Te Karaka,NZ,-38.4654,177.8679,64.54,35,16,2.73,few clouds
664,Findochty,GB,57.6974,-2.901,46.0,82,9,5.21,clear sky
665,Karpathos,GR,35.507,27.2132,76.96,83,0,17.27,clear sky
666,Vila Franca Do Campo,PT,37.7167,-25.4333,74.19,86,67,1.95,broken clouds
667,Iqaluit,CA,63.7506,-68.5145,45.7,75,100,24.16,light rain
668,Shenjiamen,CN,29.9576,122.298,77.86,65,40,20.45,scattered clouds
669,Egvekinot,RU,66.3167,-179.1667,37.49,86,88,19.6,light rain
670,Synya,RU,65.3718,58.0387,36.01,82,66,5.82,broken clouds
671,Umea,SE,63.8284,20.2597,43.92,93,83,8.05,broken clouds
672,Moosomin,CA,50.1333,-101.6677,75.78,37,0,7.18,clear sky
673,Moindou,NC,-21.6924,165.677,73.92,67,85,5.75,overcast clouds
674,Emba,KZ,48.8264,58.1442,74.08,28,9,6.4,clear sky
675,Broome,US,42.2506,-75.833,67.8,65,0,10.36,clear sky
676,Mayor Pablo Lagerenza,PY,-19.9309,-60.7718,84.18,28,0,11.18,clear sky
677,Seymchan,RU,62.8833,152.4333,64.99,43,28,6.22,scattered clouds
678,Zafra,ES,38.4167,-6.4167,64.45,58,4,3.11,clear sky
679,Dubrovytsya,UA,51.5744,26.565,49.17,79,61,5.7,broken clouds
680,Mayo,US,38.8876,-76.5119,77.18,76,0,3.44,clear sky
681,Huntington,US,38.4193,-82.4452,68.34,93,0,1.95,clear sky
682,Gogrial,SS,8.5332,28.1004,69.62,91,100,3.96,overcast clouds
683,Gandorhun,SL,7.5,-11.8333,72.66,97,100,3.18,moderate rain
684,Gwadar,PK,25.1216,62.3254,79.05,82,46,6.6,scattered clouds
685,Labuan,MY,5.2767,115.2417,86.36,79,20,0.0,few clouds
686,Camana,PE,-16.6228,-72.7111,58.64,86,69,8.14,broken clouds
687,Skelleftea,SE,64.7507,20.9528,44.96,100,20,9.22,few clouds
688,Dindori,IN,22.95,81.0833,77.07,86,100,3.2,overcast clouds
689,Kurilsk,RU,45.2333,147.8833,59.05,93,100,2.68,overcast clouds
690,Manokwari,ID,-0.8667,134.0833,81.97,74,96,7.4,overcast clouds
691,Srostki,RU,52.4189,85.7022,66.87,45,6,4.52,clear sky
692,Atasu,KZ,48.6814,71.6433,71.46,23,5,5.66,clear sky
693,Petropavlovsk-Kamchatskiy,RU,53.0452,158.6483,73.99,41,20,6.71,few clouds
694,Leander,US,30.5788,-97.8531,79.38,81,100,9.22,light rain
695,Campoverde,PE,-8.4753,-74.8058,78.49,56,24,1.21,few clouds
696,Antofagasta,CL,-23.65,-70.4,56.48,83,55,5.77,broken clouds
697,Tripoli,LY,32.8752,13.1875,81.72,52,55,5.88,broken clouds
698,Lydenburg,ZA,-25.0978,30.4597,39.4,61,0,2.21,clear sky
699,Vanimo,PG,-2.6741,141.3028,83.77,75,60,5.53,broken clouds
700,Belmonte,BR,-15.8631,-38.8828,67.33,77,28,9.26,scattered clouds
701,Kloulklubed,PW,7.0419,134.2556,86.5,67,53,4.61,broken clouds
702,Kralendijk,BQ,12.15,-68.2667,82.38,78,20,10.36,few clouds
703,Barcelos,PT,41.5388,-8.6151,65.84,91,87,2.93,overcast clouds
